{"cameraMode":{"drawMode":0,"name":"Shaded","section":"Shading Mode"},"sceneLighting":true,"audioPlay":false,"sceneViewState":{"showFog":true,"showMaterialUpdate":false,"showSkybox":true,"showFlares":true,"showImageEffects":true,"showParticleSystems":true},"in2DMode":false,"pivot":{"x":0.7851854562759399,"y":-11.427437782287598,"z":3.1646664142608644},"rotation":{"x":-0.5371471047401428,"y":-0.024807512760162355,"z":0.01580350287258625,"w":-0.8429756164550781},"size":22.0,"orthographic":false}